{
	"IcoMoonType": "selection",
	"icons": [
		{
			"icon": {
				"paths": [
					"M819.2 370.842h-30.72c-11.315 0-20.48 9.216-20.48 20.48v141.158c0 68.454-53.914 184.32-256 184.32s-256-115.866-256-184.32v-141.158c0-11.264-9.267-20.48-20.48-20.48h-30.72c-11.264 0-20.48 9.216-20.48 20.48v141.158c0 114.534 84.173 237.056 276.48 253.952v135.168h-133.171c-11.213 0-20.429 9.216-20.429 20.48v61.44c0 11.264 9.216 20.48 20.429 20.48h368.64c11.315 0 20.48-9.216 20.48-20.48v-61.44c0-11.315-9.216-20.48-20.48-20.48h-133.069v-135.168c192.358-16.896 276.48-139.469 276.48-253.952v-141.158c0-11.264-9.216-20.48-20.48-20.48zM512 614.4c120.166 0 153.6-49.357 153.6-81.92v-161.638h-307.2v161.638c0 32.563 33.434 81.92 153.6 81.92zM665.6 81.92c0-32.614-33.434-81.92-153.6-81.92s-153.6 49.306-153.6 81.92v217.242h307.2v-217.242z"
				],
				"tags": [
					"microphone",
					"voice",
					"record"
				],
				"grid": 20
			},
			"properties": {
				"id": 62,
				"order": 1,
				"prevSize": 20,
				"code": 109,
				"name": "microphone",
				"ligatures": ""
			},
			"setIdx": 4,
			"iconIdx": 62
		}
	],
	"height": 1024,
	"metadata": {
		"name": "decibel-meter-example"
	},
	"preferences": {
		"fontPref": {
			"prefix": "icon-",
			"metadata": {
				"fontFamily": "decibel-meter-example",
				"majorVersion": 1,
				"minorVersion": 0
			},
			"showGlyphs": true,
			"metrics": {
				"emSize": 512,
				"baseline": 6.25,
				"whitespace": 50
			},
			"resetPoint": 33,
			"showQuickUse": true,
			"quickUsageToken": false,
			"showMetrics": true,
			"showMetadata": false
		},
		"imagePref": {
			"color": 0,
			"height": 32,
			"columns": 16,
			"margin": 16,
			"png": false,
			"sprites": true
		},
		"historySize": 100,
		"showCodes": true,
		"gridSize": 16,
		"showLiga": false,
		"showGrid": true,
		"showGlyphs": true,
		"showQuickUse": true,
		"search": ""
	}
}